Year,sex,age,cancer_sepsis,cancer_deaths,all_sepsis,all_deaths,noncancer_sepsis,noncancer_deaths
1999,F,0-14,62.0,680.0,671.0,17668.0,609.0,16988.0
1999,M,0-14,81.0,818.0,842.0,23113.0,761.0,22295.0
1999,F,15-24,74.0,701.0,370.0,8242.0,296.0,7541.0
1999,M,15-24,103.0,1023.0,386.0,22414.0,283.0,21391.0
1999,F,25-34,121.0,2046.0,851.0,12790.0,730.0,10744.0
1999,M,25-34,119.0,1959.0,969.0,28276.0,850.0,26317.0
1999,F,35-44,366.0,9261.0,2248.0,32138.0,1882.0,22877.0
1999,M,35-44,322.0,7471.0,3060.0,57118.0,2738.0,49647.0
1999,F,45-54,791.0,23047.0,4133.0,57315.0,3342.0,34268.0
1999,M,45-54,853.0,23634.0,5462.0,95659.0,4609.0,72025.0
1999,F,55-64,1362.0,40234.0,6748.0,96255.0,5386.0,56021.0
1999,M,55-64,1722.0,48833.0,7910.0,142724.0,6188.0,93891.0
1999,F,65-74,2162.0,67794.0,13433.0,197680.0,11271.0,129886.0
1999,M,65-74,2810.0,84544.0,14537.0,254920.0,11727.0,170376.0
1999,F,75-84,2154.0,77710.0,22517.0,357620.0,20363.0,279910.0
1999,M,75-84,2486.0,85060.0,19833.0,340970.0,17347.0,255910.0
1999,F,85+,995.0,42530.0,23702.0,436152.0,22707.0,393622.0
1999,M,85+,876.0,32484.0,11409.0,209989.0,10533.0,177505.0
2000,F,0-14,66.0,674.0,626.0,17484.0,560.0,16810.0
2000,M,0-14,63.0,852.0,733.0,22943.0,670.0,22091.0
2000,F,15-24,76.0,691.0,332.0,8236.0,256.0,7545.0
2000,M,15-24,94.0,1022.0,374.0,23071.0,280.0,22049.0
2000,F,25-34,122.0,2062.0,716.0,12561.0,594.0,10499.0
2000,M,25-34,116.0,1854.0,793.0,27890.0,677.0,26036.0
2000,F,35-44,324.0,9176.0,2052.0,32501.0,1728.0,23325.0
2000,M,35-44,290.0,7344.0,2515.0,57297.0,2225.0,49953.0
2000,F,45-54,803.0,23819.0,4183.0,59943.0,3380.0,36124.0
2000,M,45-54,828.0,24215.0,5467.0,100398.0,4639.0,76183.0
2000,F,55-64,1365.0,40578.0,6953.0,97525.0,5588.0,56947.0
2000,M,55-64,1686.0,48427.0,8074.0,143321.0,6388.0,94894.0
2000,F,65-74,2030.0,66940.0,13168.0,193801.0,11138.0,126861.0
2000,M,65-74,2713.0,83191.0,14225.0,247408.0,11512.0,164217.0
2000,F,75-84,2114.0,79192.0,22553.0,360226.0,20439.0,281034.0
2000,M,75-84,2597.0,85907.0,19846.0,340219.0,17249.0,254312.0
2000,F,85+,974.0,43876.0,23513.0,443429.0,22539.0,399553.0
2000,M,85+,852.0,33260.0,11264.0,214742.0,10412.0,181482.0
2001,F,0-14,63.0,701.0,664.0,17226.0,601.0,16525.0
2001,M,0-14,58.0,793.0,768.0,22544.0,710.0,21751.0
2001,F,15-24,52.0,680.0,314.0,8289.0,262.0,7609.0
2001,M,15-24,92.0,1024.0,373.0,23963.0,281.0,22939.0
2001,F,25-34,114.0,2134.0,726.0,12926.0,612.0,10792.0
2001,M,25-34,143.0,1860.0,819.0,28757.0,676.0,26897.0
2001,F,35-44,319.0,9272.0,2007.0,33510.0,1688.0,24238.0
2001,M,35-44,326.0,7297.0,2445.0,58164.0,2119.0,50867.0
2001,F,45-54,810.0,24491.0,4503.0,63217.0,3693.0,38726.0
2001,M,45-54,894.0,25071.0,5734.0,104848.0,4840.0,79777.0
2001,F,55-64,1350.0,40979.0,7270.0,99181.0,5920.0,58202.0
2001,M,55-64,1689.0,49244.0,8405.0,144958.0,6716.0,95714.0
2001,F,65-74,1997.0,65319.0,13308.0,189379.0,11311.0,124060.0
2001,M,65-74,2668.0,81699.0,14295.0,241581.0,11627.0,159882.0
2001,F,75-84,2092.0,79319.0,23261.0,361187.0,21169.0,281868.0
2001,M,75-84,2549.0,86126.0,20161.0,340742.0,17612.0,254616.0
2001,F,85+,989.0,43797.0,23419.0,447998.0,22430.0,404201.0
2001,M,85+,863.0,33954.0,11434.0,217533.0,10571.0,183579.0
2002,F,0-14,56.0,690.0,663.0,17321.0,607.0,16631.0
2002,M,0-14,69.0,858.0,768.0,22721.0,699.0,21863.0
2002,F,15-24,63.0,714.0,336.0,8630.0,273.0,7916.0
2002,M,15-24,98.0,1016.0,394.0,24416.0,296.0,23400.0
2002,F,25-34,119.0,2004.0,740.0,12619.0,621.0,10615.0
2002,M,25-34,131.0,1868.0,817.0,28736.0,686.0,26868.0
2002,F,35-44,313.0,9029.0,2098.0,33547.0,1785.0,24518.0
2002,M,35-44,276.0,7056.0,2370.0,57593.0,2094.0,50537.0
2002,F,45-54,832.0,24445.0,4616.0,64663.0,3784.0,40218.0
2002,M,45-54,872.0,25192.0,5928.0,107722.0,5056.0,82530.0
2002,F,55-64,1338.0,42276.0,7537.0,101979.0,6199.0,59703.0
2002,M,55-64,1742.0,51115.0,8833.0,151363.0,7091.0,100248.0
2002,F,65-74,2003.0,64672.0,13288.0,185969.0,11285.0,121297.0
2002,M,65-74,2659.0,80085.0,14620.0,237021.0,11961.0,156936.0
2002,F,75-84,2121.0,80110.0,23865.0,364150.0,21744.0,284040.0
2002,M,75-84,2558.0,86952.0,20711.0,343504.0,18153.0,256552.0
2002,F,85+,955.0,44561.0,23752.0,455170.0,22797.0,410609.0
2002,M,85+,837.0,34621.0,11888.0,225906.0,11051.0,191285.0
2003,F,0-14,61.0,691.0,642.0,17066.0,581.0,16375.0
2003,M,0-14,52.0,852.0,768.0,22878.0,716.0,22026.0
2003,F,15-24,63.0,672.0,361.0,8898.0,298.0,8226.0
2003,M,15-24,86.0,979.0,400.0,24670.0,314.0,23691.0
2003,F,25-34,101.0,1937.0,709.0,12698.0,608.0,10761.0
2003,M,25-34,141.0,1804.0,866.0,28602.0,725.0,26798.0
2003,F,35-44,352.0,8684.0,2163.0,33026.0,1811.0,24342.0
2003,M,35-44,300.0,6825.0,2374.0,56435.0,2074.0,49610.0
2003,F,45-54,871.0,24301.0,4949.0,66099.0,4078.0,41798.0
2003,M,45-54,865.0,25542.0,6019.0,110682.0,5154.0,85140.0
2003,F,55-64,1430.0,43765.0,8030.0,106058.0,6600.0,62293.0
2003,M,55-64,1734.0,51927.0,9339.0,156461.0,7605.0,104534.0
2003,F,65-74,1960.0,63455.0,13210.0,182076.0,11250.0,118621.0
2003,M,65-74,2611.0,77793.0,14329.0,231421.0,11718.0,153628.0
2003,F,75-84,2195.0,80235.0,24014.0,360692.0,21819.0,280457.0
2003,M,75-84,2642.0,87382.0,21267.0,342332.0,18625.0,254950.0
2003,F,85+,940.0,45168.0,23803.0,459640.0,22863.0,414472.0
2003,M,85+,843.0,34878.0,12153.0,228212.0,11310.0,193334.0
2004,F,0-14,45.0,671.0,609.0,17189.0,564.0,16518.0
2004,M,0-14,78.0,821.0,781.0,22366.0,703.0,21545.0
2004,F,15-24,60.0,682.0,338.0,8834.0,278.0,8152.0
2004,M,15-24,88.0,1027.0,403.0,24587.0,315.0,23560.0
2004,F,25-34,123.0,1883.0,738.0,12509.0,615.0,10626.0
2004,M,25-34,112.0,1750.0,762.0,28359.0,650.0,26609.0
2004,F,35-44,305.0,8315.0,1975.0,31685.0,1670.0,23370.0
2004,M,35-44,295.0,6408.0,2278.0,53677.0,1983.0,47269.0
2004,F,45-54,840.0,24088.0,4870.0,66534.0,4030.0,42446.0
2004,M,45-54,895.0,25432.0,6199.0,111163.0,5304.0,85731.0
2004,F,55-64,1544.0,44218.0,8445.0,106665.0,6901.0,62447.0
2004,M,55-64,1897.0,52738.0,9746.0,158032.0,7849.0,105294.0
2004,F,65-74,1983.0,62930.0,13387.0,176775.0,11404.0,113845.0
2004,M,65-74,2609.0,76487.0,14360.0,222891.0,11751.0,146404.0
2004,F,75-84,2156.0,79351.0,23932.0,350561.0,21776.0,271210.0
2004,M,75-84,2686.0,86734.0,21277.0,333669.0,18591.0,246935.0
2004,F,85+,955.0,44918.0,23375.0,445123.0,22420.0,400205.0
2004,M,85+,901.0,35427.0,12277.0,226650.0,11376.0,191223.0
2005,F,0-14,50.0,633.0,630.0,17162.0,580.0,16529.0
2005,M,0-14,65.0,819.0,853.0,22636.0,788.0,21817.0
2005,F,15-24,70.0,682.0,346.0,8725.0,276.0,8043.0
2005,M,15-24,100.0,1035.0,438.0,25509.0,338.0,24474.0
2005,F,25-34,99.0,1796.0,701.0,12642.0,602.0,10846.0
2005,M,25-34,114.0,1805.0,796.0,29283.0,682.0,27478.0
2005,F,35-44,332.0,8228.0,2002.0,31476.0,1670.0,23248.0
2005,M,35-44,282.0,6338.0,2272.0,53309.0,1990.0,46971.0
2005,F,45-54,881.0,25002.0,5044.0,69058.0,4163.0,44056.0
2005,M,45-54,878.0,25403.0,6380.0,114472.0,5502.0,89069.0
2005,F,55-64,1672.0,45201.0,8773.0,109872.0,7101.0,64671.0
2005,M,55-64,2019.0,54039.0,10529.0,165429.0,8510.0,111390.0
2005,F,65-74,2063.0,61761.0,13680.0,175548.0,11617.0,113787.0
2005,M,65-74,2727.0,76685.0,14893.0,222807.0,12166.0,146122.0
2005,F,75-84,2171.0,79325.0,24678.0,351430.0,22507.0,272105.0
2005,M,75-84,2814.0,87096.0,22206.0,335235.0,19392.0,248139.0
2005,F,85+,981.0,46258.0,25089.0,464373.0,24108.0,418115.0
2005,M,85+,941.0,37197.0,13389.0,238796.0,12448.0,201599.0
2006,F,0-14,56.0,607.0,601.0,17161.0,545.0,16554.0
2006,M,0-14,58.0,753.0,753.0,22146.0,695.0,21393.0
2006,F,15-24,67.0,637.0,335.0,8817.0,268.0,8180.0
2006,M,15-24,114.0,1007.0,406.0,26070.0,292.0,25063.0
2006,F,25-34,109.0,1886.0,671.0,12764.0,562.0,10878.0
2006,M,25-34,127.0,1770.0,774.0,30188.0,647.0,28418.0
2006,F,35-44,302.0,7938.0,1968.0,30893.0,1666.0,22955.0
2006,M,35-44,294.0,5979.0,2354.0,52150.0,2060.0,46171.0
2006,F,45-54,879.0,24993.0,5034.0,69859.0,4155.0,44866.0
2006,M,45-54,952.0,25341.0,6419.0,115172.0,5467.0,89831.0
2006,F,55-64,1733.0,46106.0,9170.0,112414.0,7437.0,66308.0
2006,M,55-64,2012.0,55348.0,10907.0,168987.0,8895.0,113639.0
2006,F,65-74,2214.0,62086.0,13811.0,171928.0,11597.0,109842.0
2006,M,65-74,2703.0,75468.0,14707.0,218165.0,12004.0,142697.0
2006,F,75-84,2164.0,78455.0,24356.0,340023.0,22192.0,261568.0
2006,M,75-84,2758.0,86434.0,21776.0,327315.0,19018.0,240881.0
2006,F,85+,990.0,47108.0,24631.0,460414.0,23641.0,413306.0
2006,M,85+,978.0,37964.0,13740.0,241578.0,12762.0,203614.0
2007,F,0-14,49.0,666.0,613.0,17476.0,564.0,16810.0
2007,M,0-14,52.0,729.0,788.0,22512.0,736.0,21783.0
2007,F,15-24,61.0,666.0,341.0,8666.0,280.0,8000.0
2007,M,15-24,89.0,987.0,421.0,25316.0,332.0,24329.0
2007,F,25-34,112.0,1771.0,667.0,12780.0,555.0,11009.0
2007,M,25-34,117.0,1692.0,780.0,29792.0,663.0,28100.0
2007,F,35-44,298.0,7587.0,1885.0,29501.0,1587.0,21914.0
2007,M,35-44,268.0,5701.0,2151.0,50105.0,1883.0,44404.0
2007,F,45-54,909.0,24797.0,5121.0,70230.0,4212.0,45433.0
2007,M,45-54,936.0,25370.0,6369.0,114456.0,5433.0,89086.0
2007,F,55-64,1740.0,46612.0,9336.0,113492.0,7596.0,66880.0
2007,M,55-64,2113.0,56559.0,11189.0,173618.0,9076.0,117059.0
2007,F,65-74,2126.0,62542.0,13854.0,170894.0,11728.0,108352.0
2007,M,65-74,2787.0,75924.0,15117.0,218344.0,12330.0,142420.0
2007,F,75-84,2129.0,77681.0,23690.0,331879.0,21561.0,254198.0
2007,M,75-84,2738.0,85927.0,21341.0,320803.0,18603.0,234876.0
2007,F,85+,1014.0,47692.0,24730.0,464781.0,23716.0,417089.0
2007,M,85+,1048.0,39964.0,14159.0,248866.0,13111.0,208902.0
2008,F,0-14,45.0,634.0,651.0,16798.0,606.0,16164.0
2008,M,0-14,49.0,720.0,699.0,21642.0,650.0,20922.0
2008,F,15-24,56.0,642.0,329.0,8171.0,273.0,7529.0
2008,M,15-24,106.0,1021.0,435.0,24027.0,329.0,23006.0
2008,F,25-34,101.0,1751.0,759.0,12640.0,658.0,10889.0
2008,M,25-34,141.0,1770.0,865.0,29635.0,724.0,27865.0
2008,F,35-44,304.0,7207.0,1914.0,28684.0,1610.0,21477.0
2008,M,35-44,280.0,5492.0,2153.0,47686.0,1873.0,42194.0
2008,F,45-54,920.0,24678.0,5436.0,71504.0,4516.0,46826.0
2008,M,45-54,963.0,25725.0,6548.0,115038.0,5585.0,89313.0
2008,F,55-64,1809.0,46549.0,9977.0,116632.0,8168.0,70083.0
2008,M,55-64,2198.0,57542.0,11910.0,179550.0,9712.0,122008.0
2008,F,65-74,2265.0,63533.0,14591.0,176179.0,12326.0,112646.0
2008,M,65-74,2849.0,77626.0,15652.0,225400.0,12803.0,147774.0
2008,F,75-84,2201.0,76248.0,24488.0,331664.0,22287.0,255416.0
2008,M,75-84,2686.0,84712.0,21799.0,321896.0,19113.0,237184.0
2008,F,85+,1053.0,48965.0,26005.0,483470.0,24952.0,434505.0
2008,M,85+,1075.0,40645.0,15187.0,261221.0,14112.0,220576.0
2009,F,0-14,56.0,608.0,540.0,15947.0,484.0,15339.0
2009,M,0-14,38.0,712.0,602.0,20566.0,564.0,19854.0
2009,F,15-24,54.0,643.0,377.0,8104.0,323.0,7461.0
2009,M,15-24,81.0,993.0,439.0,22312.0,358.0,21319.0
2009,F,25-34,101.0,1852.0,791.0,13303.0,690.0,11451.0
2009,M,25-34,135.0,1807.0,913.0,29199.0,778.0,27392.0
2009,F,35-44,313.0,7121.0,2021.0,28110.0,1708.0,20989.0
2009,M,35-44,304.0,5398.0,2203.0,46555.0,1899.0,41157.0
2009,F,45-54,941.0,25169.0,5514.0,72748.0,4573.0,47579.0
2009,M,45-54,986.0,25447.0,6485.0,114820.0,5499.0,89373.0
2009,F,55-64,1861.0,47771.0,10001.0,119165.0,8140.0,71394.0
2009,M,55-64,2321.0,59058.0,12198.0,184142.0,9877.0,125084.0
2009,F,65-74,2223.0,63951.0,14661.0,175238.0,12438.0,111287.0
2009,M,65-74,3036.0,77920.0,16030.0,225794.0,12994.0,147874.0
2009,F,75-84,2133.0,74397.0,23125.0,316695.0,20992.0,242298.0
2009,M,75-84,2679.0,83563.0,20995.0,311032.0,18316.0,227469.0
2009,F,85+,986.0,49344.0,25379.0,470396.0,24393.0,421052.0
2009,M,85+,1099.0,41860.0,15125.0,262782.0,14026.0,220922.0
2010,F,0-14,42.0,614.0,514.0,14965.0,472.0,14351.0
2010,M,0-14,56.0,710.0,589.0,19216.0,533.0,18506.0
2010,F,15-24,63.0,607.0,313.0,7761.0,250.0,7154.0
2010,M,15-24,103.0,997.0,443.0,21790.0,340.0,20793.0
2010,F,25-34,103.0,1835.0,748.0,13067.0,645.0,11232.0
2010,M,25-34,140.0,1784.0,828.0,29192.0,688.0,27408.0
2010,F,35-44,290.0,6663.0,1779.0,26599.0,1489.0,19936.0
2010,M,35-44,273.0,5146.0,2030.0,43434.0,1757.0,38288.0
2010,F,45-54,1029.0,25023.0,5308.0,71189.0,4279.0,46166.0
2010,M,45-54,969.0,25188.0,6426.0,112018.0,5457.0,86830.0
2010,F,55-64,1925.0,48801.0,10244.0,121507.0,8319.0,72706.0
2010,M,55-64,2433.0,60700.0,12636.0,189295.0,10203.0,128595.0
2010,F,65-74,2445.0,64950.0,14927.0,177447.0,12482.0,112497.0
2010,M,65-74,3061.0,79685.0,16281.0,229704.0,13220.0,150019.0
2010,F,75-84,2084.0,74096.0,22884.0,313821.0,20800.0,239725.0
2010,M,75-84,2776.0,82929.0,21235.0,311830.0,18459.0,228901.0
2010,F,85+,1020.0,51117.0,26404.0,489608.0,25384.0,438491.0
2010,M,85+,1178.0,43893.0,16050.0,275866.0,14872.0,231973.0
2011,F,0-14,43.0,578.0,480.0,14721.0,437.0,14143.0
2011,M,0-14,39.0,705.0,504.0,18911.0,465.0,18206.0
2011,F,15-24,60.0,645.0,301.0,7743.0,241.0,7098.0
2011,M,15-24,84.0,966.0,398.0,21924.0,314.0,20958.0
2011,F,25-34,105.0,1786.0,780.0,13663.0,675.0,11877.0
2011,M,25-34,120.0,1713.0,910.0,30085.0,790.0,28372.0
2011,F,35-44,325.0,6683.0,1884.0,26678.0,1559.0,19995.0
2011,M,35-44,267.0,5034.0,2029.0,43215.0,1762.0,38181.0
2011,F,45-54,1013.0,24525.0,5585.0,71538.0,4572.0,47013.0
2011,M,45-54,1011.0,24372.0,6534.0,111709.0,5523.0,87337.0
2011,F,55-64,2000.0,50073.0,10965.0,126674.0,8965.0,76601.0
2011,M,55-64,2440.0,62499.0,13317.0,196641.0,10877.0,134142.0
2011,F,65-74,2547.0,65370.0,15559.0,180776.0,13012.0,115406.0
2011,M,65-74,3098.0,80223.0,16661.0,234276.0,13563.0,154053.0
2011,F,75-84,2044.0,72949.0,23027.0,313532.0,20983.0,240583.0
2011,M,75-84,2748.0,82399.0,21551.0,312693.0,18803.0,230294.0
2011,F,85+,1053.0,51848.0,27608.0,505120.0,26555.0,453272.0
2011,M,85+,1145.0,44317.0,16708.0,285425.0,15563.0,241108.0
2012,F,0-14,38.0,602.0,410.0,14477.0,372.0,13875.0
2012,M,0-14,51.0,765.0,510.0,18570.0,459.0,17805.0
2012,F,15-24,57.0,650.0,307.0,7726.0,250.0,7076.0
2012,M,15-24,82.0,924.0,359.0,21456.0,277.0,20532.0
2012,F,25-34,105.0,1872.0,770.0,13808.0,665.0,11936.0
2012,M,25-34,124.0,1802.0,899.0,30783.0,775.0,28981.0
2012,F,35-44,280.0,6488.0,1791.0,26233.0,1511.0,19745.0
2012,M,35-44,266.0,4849.0,1976.0,42929.0,1710.0,38080.0
2012,F,45-54,974.0,24025.0,5295.0,70249.0,4321.0,46224.0
2012,M,45-54,987.0,24003.0,6291.0,109214.0,5304.0,85211.0
2012,F,55-64,2081.0,50460.0,11013.0,128655.0,8932.0,78195.0
2012,M,55-64,2530.0,62670.0,13685.0,200951.0,11155.0,138281.0
2012,F,65-74,2508.0,67986.0,15828.0,187411.0,13320.0,119425.0
2012,M,65-74,3328.0,83653.0,17464.0,244935.0,14136.0,161282.0
2012,F,75-84,2032.0,72431.0,22751.0,309747.0,20719.0,237316.0
2012,M,75-84,2752.0,81761.0,21280.0,310681.0,18528.0,228920.0
2012,F,85+,1006.0,52432.0,27180.0,511204.0,26174.0,458772.0
2012,M,85+,1242.0,45234.0,17272.0,294103.0,16030.0,248869.0
2013,F,0-14,39.0,603.0,390.0,14329.0,351.0,13726.0
2013,M,0-14,26.0,684.0,469.0,18519.0,443.0,17835.0
2013,F,15-24,45.0,637.0,304.0,7622.0,259.0,6985.0
2013,M,15-24,82.0,859.0,384.0,20864.0,302.0,20005.0
2013,F,25-34,122.0,1816.0,844.0,14001.0,722.0,12185.0
2013,M,25-34,137.0,1857.0,982.0,31462.0,845.0,29605.0
2013,F,35-44,317.0,6522.0,1931.0,26501.0,1614.0,19979.0
2013,M,35-44,268.0,4827.0,1993.0,43072.0,1725.0,38245.0
2013,F,45-54,967.0,23219.0,5491.0,69727.0,4524.0,46508.0
2013,M,45-54,909.0,22966.0,6504.0,107997.0,5595.0,85031.0
2013,F,55-64,2094.0,50514.0,11677.0,131802.0,9583.0,81288.0
2013,M,55-64,2600.0,62810.0,14397.0,206325.0,11797.0,143515.0
2013,F,65-74,2634.0,69883.0,17089.0,196531.0,14455.0,126648.0
2013,M,65-74,3471.0,85669.0,19035.0,257898.0,15564.0,172229.0
2013,F,75-84,2107.0,71734.0,23632.0,309673.0,21525.0,237939.0
2013,M,75-84,2827.0,81480.0,22173.0,315340.0,19346.0,233860.0
2013,F,85+,973.0,52391.0,28236.0,520736.0,27263.0,468345.0
2013,M,85+,1194.0,46401.0,18084.0,304462.0,16890.0,258061.0
2014,F,0-14,34.0,533.0,379.0,14109.0,345.0,13576.0
2014,M,0-14,38.0,692.0,446.0,18186.0,408.0,17494.0
2014,F,15-24,55.0,617.0,325.0,7674.0,270.0,7057.0
2014,M,15-24,89.0,952.0,406.0,21117.0,317.0,20165.0
2014,F,25-34,131.0,1830.0,848.0,14480.0,717.0,12650.0
2014,M,25-34,139.0,1794.0,949.0,32697.0,810.0,30903.0
2014,F,35-44,317.0,6438.0,2020.0,27303.0,1703.0,20865.0
2014,M,35-44,282.0,4829.0,2174.0,43693.0,1892.0,38864.0
2014,F,45-54,1012.0,22781.0,5810.0,69540.0,4798.0,46759.0
2014,M,45-54,992.0,22053.0,6737.0,106377.0,5745.0,84324.0
2014,F,55-64,2282.0,51457.0,12579.0,136610.0,10297.0,85153.0
2014,M,55-64,2783.0,63825.0,15401.0,212198.0,12618.0,148373.0
2014,F,65-74,2899.0,71295.0,18517.0,202893.0,15618.0,131598.0
2014,M,65-74,3841.0,87914.0,20705.0,268648.0,16864.0,180734.0
2014,F,75-84,2306.0,72285.0,23980.0,308074.0,21674.0,235789.0
2014,M,75-84,2970.0,81768.0,22759.0,316430.0,19789.0,234662.0
2014,F,85+,1074.0,53166.0,28928.0,517441.0,27854.0,464275.0
2014,M,85+,1304.0,47458.0,19270.0,308785.0,17966.0,261327.0
2015,F,0-14,41.0,576.0,449.0,14389.0,408.0,13813.0
2015,M,0-14,37.0,696.0,471.0,18442.0,434.0,17746.0
2015,F,15-24,52.0,589.0,322.0,8148.0,270.0,7559.0
2015,M,15-24,82.0,880.0,384.0,22346.0,302.0,21466.0
2015,F,25-34,138.0,1886.0,938.0,15736.0,800.0,13850.0
2015,M,25-34,138.0,1818.0,1058.0,35781.0,920.0,33963.0
2015,F,35-44,348.0,6253.0,2086.0,27418.0,1738.0,21165.0
2015,M,35-44,247.0,4656.0,2150.0,45670.0,1903.0,41014.0
2015,F,45-54,1051.0,21883.0,5953.0,68947.0,4902.0,47064.0
2015,M,45-54,1035.0,21171.0,6892.0,105547.0,5857.0,84376.0
2015,F,55-64,2453.0,51942.0,13058.0,140159.0,10605.0,88217.0
2015,M,55-64,3066.0,64180.0,16354.0,217626.0,13288.0,153446.0
2015,F,65-74,3073.0,73260.0,20105.0,212669.0,17032.0,139409.0
2015,M,65-74,4085.0,90468.0,22566.0,282347.0,18481.0,191879.0
2015,F,75-84,2311.0,71599.0,25227.0,313720.0,22916.0,242121.0
2015,M,75-84,3271.0,81669.0,24780.0,323846.0,21509.0,242177.0
2015,F,85+,1107.0,54119.0,31332.0,537997.0,30225.0,483878.0
2015,M,85+,1433.0,48274.0,21081.0,321704.0,19648.0,273430.0
2016,F,0-14,45.0,592.0,481.0,14445.0,436.0,13853.0
2016,M,0-14,45.0,732.0,536.0,18264.0,491.0,17532.0
2016,F,15-24,56.0,529.0,348.0,8562.0,292.0,8033.0
2016,M,15-24,105.0,902.0,449.0,24013.0,344.0,23111.0
2016,F,25-34,144.0,1966.0,1027.0,17359.0,883.0,15393.0
2016,M,25-34,142.0,1825.0,1099.0,40257.0,957.0,38432.0
2016,F,35-44,349.0,6278.0,2189.0,28577.0,1840.0,22299.0
2016,M,35-44,270.0,4625.0,2350.0,49215.0,2080.0,44590.0
2016,F,45-54,1075.0,21358.0,5925.0,68430.0,4850.0,47072.0
2016,M,45-54,993.0,19933.0,6812.0,105086.0,5819.0,85153.0
2016,F,55-64,2568.0,52601.0,13679.0,144061.0,11111.0,91460.0
2016,M,55-64,3083.0,63763.0,16902.0,222384.0,13819.0,158621.0
2016,F,65-74,3283.0,73971.0,20671.0,219338.0,17388.0,145367.0
2016,M,65-74,4401.0,91612.0,23700.0,292742.0,19299.0,201130.0
2016,F,75-84,2396.0,72141.0,25271.0,312097.0,22875.0,239956.0
2016,M,75-84,3341.0,81820.0,24933.0,324819.0,21592.0,242999.0
2016,F,85+,1194.0,54027.0,30704.0,531107.0,29510.0,477080.0
2016,M,85+,1441.0,49356.0,21066.0,323355.0,19625.0,273999.0
2017,F,0-14,36.0,573.0,399.0,13817.0,363.0,13244.0
2017,M,0-14,47.0,664.0,471.0,17969.0,424.0,17305.0
2017,F,15-24,47.0,541.0,300.0,8522.0,253.0,7981.0
2017,M,15-24,71.0,833.0,364.0,23503.0,293.0,22670.0
2017,F,25-34,132.0,1926.0,1036.0,18066.0,904.0,16140.0
2017,M,25-34,138.0,1690.0,1174.0,42149.0,1036.0,40459.0
2017,F,35-44,379.0,6175.0,2188.0,29004.0,1809.0,22829.0
2017,M,35-44,313.0,4725.0,2371.0,50792.0,2058.0,46067.0
2017,F,45-54,1089.0,20368.0,5763.0,66338.0,4674.0,45970.0
2017,M,45-54,993.0,18898.0,6684.0,103804.0,5691.0,84906.0
2017,F,55-64,2689.0,52430.0,13944.0,146671.0,11255.0,94241.0
2017,M,55-64,3162.0,62380.0,16992.0,225335.0,13830.0,162955.0
2017,F,65-74,3523.0,75376.0,21997.0,227679.0,18474.0,152303.0
2017,M,65-74,4599.0,93082.0,24748.0,303931.0,20149.0,210849.0
2017,F,75-84,2495.0,72568.0,25960.0,321088.0,23465.0,248520.0
2017,M,75-84,3511.0,83349.0,26075.0,336671.0,22564.0,253322.0
2017,F,85+,1225.0,54002.0,31162.0,543169.0,29937.0,489167.0
2017,M,85+,1496.0,49519.0,22041.0,334866.0,20545.0,285347.0
2018,F,0-14,43.0,562.0,402.0,13355.0,359.0,12793.0
2018,M,0-14,31.0,658.0,411.0,17392.0,380.0,16734.0
2018,F,15-24,56.0,516.0,337.0,8146.0,281.0,7630.0
2018,M,15-24,64.0,855.0,360.0,22008.0,296.0,21153.0
2018,F,25-34,128.0,1946.0,1052.0,17980.0,924.0,16034.0
2018,M,25-34,129.0,1738.0,1126.0,40864.0,997.0,39126.0
2018,F,35-44,375.0,6084.0,2228.0,29004.0,1853.0,22920.0
2018,M,35-44,279.0,4556.0,2466.0,51376.0,2187.0,46820.0
2018,F,45-54,1103.0,19388.0,5836.0,63807.0,4733.0,44419.0
2018,M,45-54,1018.0,17913.0,6659.0,101030.0,5641.0,83117.0
2018,F,55-64,2777.0,52058.0,14081.0,146563.0,11304.0,94505.0
2018,M,55-64,3167.0,61889.0,17172.0,228273.0,14005.0,166384.0
2018,F,65-74,3635.0,75739.0,22174.0,230867.0,18539.0,155128.0
2018,M,65-74,4645.0,93317.0,25557.0,312911.0,20912.0,219594.0
2018,F,75-84,2627.0,74047.0,26354.0,328017.0,23727.0,253970.0
2018,M,75-84,3573.0,84747.0,27053.0,347188.0,23480.0,262441.0
2018,F,85+,1187.0,53378.0,30494.0,542962.0,29307.0,489584.0
2018,M,85+,1566.0,49874.0,22150.0,337318.0,20584.0,287444.0
2019,F,0-14,39.0,519.0,410.0,13193.0,371.0,12674.0
2019,M,0-14,32.0,596.0,366.0,16901.0,334.0,16305.0
2019,F,15-24,42.0,561.0,299.0,8023.0,257.0,7462.0
2019,M,15-24,74.0,827.0,380.0,21748.0,306.0,20921.0
2019,F,25-34,144.0,1833.0,1086.0,17827.0,942.0,15994.0
2019,M,25-34,155.0,1744.0,1205.0,41351.0,1050.0,39607.0
2019,F,35-44,385.0,6174.0,2189.0,29550.0,1804.0,23376.0
2019,M,35-44,318.0,4521.0,2505.0,53436.0,2187.0,48915.0
2019,F,45-54,1116.0,18529.0,5556.0,61546.0,4440.0,43017.0
2019,M,45-54,945.0,17058.0,6355.0,98847.0,5410.0,81789.0
2019,F,55-64,2648.0,51380.0,13989.0,147012.0,11341.0,95632.0
2019,M,55-64,3097.0,60385.0,16769.0,227925.0,13672.0,167540.0
2019,F,65-74,3675.0,76440.0,22078.0,235312.0,18403.0,158872.0
2019,M,65-74,4728.0,94622.0,25370.0,320247.0,20642.0,225625.0
2019,F,75-84,2661.0,74391.0,25898.0,332927.0,23237.0,258536.0
2019,M,75-84,3844.0,86248.0,27092.0,355100.0,23248.0,268852.0
2019,F,85+,1227.0,53895.0,28328.0,535581.0,27101.0,481686.0
2019,M,85+,1574.0,49866.0,21208.0,338165.0,19634.0,288299.0
2020,F,0-14,28.0,550.0,321.0,12487.0,293.0,11937.0
2020,M,0-14,35.0,603.0,400.0,16247.0,365.0,15644.0
2020,F,15-24,46.0,532.0,314.0,9332.0,268.0,8800.0
2020,M,15-24,52.0,774.0,397.0,26484.0,345.0,25710.0
2020,F,25-34,110.0,1866.0,1284.0,21654.0,1174.0,19788.0
2020,M,25-34,125.0,1707.0,1396.0,51832.0,1271.0,50125.0
2020,F,35-44,370.0,6023.0,2866.0,35996.0,2496.0,29973.0
2020,M,35-44,322.0,4707.0,3469.0,68494.0,3147.0,63787.0
2020,F,45-54,1065.0,18106.0,6939.0,71298.0,5874.0,53192.0
2020,M,45-54,892.0,16483.0,8573.0,119844.0,7681.0,103361.0
2020,F,55-64,2714.0,50831.0,17106.0,169422.0,14392.0,118591.0
2020,M,55-64,3015.0,59412.0,21504.0,271127.0,18489.0,211715.0
2020,F,65-74,3677.0,78525.0,27451.0,282508.0,23774.0,203983.0
2020,M,65-74,4796.0,96939.0,33172.0,391999.0,28376.0,295060.0
2020,F,75-84,2676.0,75769.0,30085.0,393226.0,27409.0,317457.0
2020,M,75-84,3721.0,87107.0,32916.0,428858.0,29195.0,341751.0
2020,F,85+,1018.0,52415.0,30608.0,617885.0,29590.0,565470.0
2020,M,85+,1503.0,49998.0,23349.0,394920.0,21846.0,344922.0
2021,F,0-14,31.0,500.0,313.0,13203.0,282.0,12703.0
2021,M,0-14,43.0,630.0,408.0,16508.0,365.0,15878.0
2021,F,15-24,37.0,492.0,353.0,10396.0,316.0,9904.0
2021,M,15-24,58.0,831.0,460.0,27911.0,402.0,27080.0
2021,F,25-34,137.0,1852.0,1485.0,24364.0,1348.0,22512.0
2021,M,25-34,135.0,1763.0,1759.0,57910.0,1624.0,56147.0
2021,F,35-44,427.0,6396.0,3696.0,43350.0,3269.0,36954.0
2021,M,35-44,325.0,4798.0,4732.0,81589.0,4407.0,76791.0
2021,F,45-54,1059.0,17684.0,8030.0,80263.0,6971.0,62579.0
2021,M,45-54,966.0,15883.0,10500.0,135774.0,9534.0,119891.0
2021,F,55-64,2782.0,50122.0,19517.0,185210.0,16735.0,135088.0
2021,M,55-64,3045.0,57901.0,24870.0,292961.0,21825.0,235060.0
2021,F,65-74,3935.0,80233.0,30782.0,305325.0,26847.0,225092.0
2021,M,65-74,4888.0,98912.0,36925.0,418941.0,32037.0,320029.0
2021,F,75-84,2823.0,76851.0,31612.0,397264.0,28789.0,320413.0
2021,M,75-84,3887.0,87999.0,34215.0,432389.0,30328.0,344390.0
2021,F,85+,1165.0,52410.0,28706.0,566725.0,27541.0,514315.0
2021,M,85+,1538.0,49949.0,22581.0,374055.0,21043.0,324106.0
2022,F,0-14,29.0,543.0,421.0,13637.0,392.0,13094.0
2022,M,0-14,33.0,598.0,469.0,17311.0,436.0,16713.0
2022,F,15-24,52.0,571.0,347.0,9595.0,295.0,9024.0
2022,M,15-24,60.0,850.0,373.0,25637.0,313.0,24787.0
2022,F,25-34,140.0,1812.0,1257.0,21858.0,1117.0,20046.0
2022,M,25-34,145.0,1829.0,1612.0,52511.0,1467.0,50682.0
2022,F,35-44,409.0,6340.0,2946.0,38119.0,2537.0,31779.0
2022,M,35-44,357.0,4837.0,3644.0,73486.0,3287.0,68649.0
2022,F,45-54,1155.0,17343.0,6839.0,68437.0,5684.0,51094.0
2022,M,45-54,992.0,16020.0,8120.0,114847.0,7128.0,98827.0
2022,F,55-64,2901.0,49202.0,17019.0,163263.0,14118.0,114061.0
2022,M,55-64,3176.0,55931.0,20366.0,254278.0,17190.0,198347.0
2022,F,65-74,4227.0,80446.0,28990.0,283596.0,24763.0,203150.0
2022,M,65-74,5310.0,98414.0,33195.0,384985.0,27885.0,286571.0
2022,F,75-84,3109.0,80280.0,32218.0,397396.0,29109.0,317116.0
2022,M,75-84,4277.0,91293.0,34110.0,427507.0,29833.0,336214.0
2022,F,85+,1298.0,52497.0,28820.0,564690.0,27522.0,512193.0
2022,M,85+,1614.0,49560.0,22920.0,368601.0,21306.0,319041.0
2023,F,0-14,37.0,565.0,429.0,13255.0,392.0,12690.0
2023,M,0-14,44.0,601.0,496.0,16954.0,452.0,16353.0
2023,F,15-24,35.0,604.0,312.0,9043.0,277.0,8439.0
2023,M,15-24,61.0,859.0,417.0,24668.0,356.0,23809.0
2023,F,25-34,150.0,1732.0,1095.0,19616.0,945.0,17884.0
2023,M,25-34,173.0,1771.0,1406.0,47833.0,1233.0,46062.0
2023,F,35-44,440.0,6368.0,2656.0,35522.0,2216.0,29154.0
2023,M,35-44,378.0,4923.0,3222.0,69814.0,2844.0,64891.0
2023,F,45-54,1153.0,17155.0,5948.0,61893.0,4795.0,44738.0
2023,M,45-54,1018.0,15712.0,6909.0,104880.0,5891.0,89168.0
2023,F,55-64,3015.0,47672.0,14926.0,146890.0,11911.0,99218.0
2023,M,55-64,3166.0,54042.0,17662.0,229644.0,14496.0,175602.0
2023,F,65-74,4291.0,81517.0,26107.0,266363.0,21816.0,184846.0
2023,M,65-74,5312.0,99173.0,30042.0,361317.0,24730.0,262144.0
2023,F,75-84,3213.0,82956.0,31216.0,386472.0,28003.0,303516.0
2023,M,75-84,4613.0,94860.0,32822.0,411716.0,28209.0,316856.0
2023,F,85+,1314.0,52690.0,27706.0,534800.0,26392.0,482110.0
2023,M,85+,1657.0,50149.0,22119.0,350204.0,20462.0,300055.0
2024,F,0-14,24.0,531.0,375.0,13345.0,351.0,12814.0
2024,M,0-14,44.0,637.0,467.0,16488.0,423.0,15851.0
2024,F,15-24,42.0,549.0,287.0,8025.0,245.0,7476.0
2024,M,15-24,75.0,872.0,349.0,21928.0,274.0,21056.0
2024,F,25-34,174.0,1903.0,934.0,17176.0,760.0,15273.0
2024,M,25-34,152.0,1756.0,1303.0,40651.0,1151.0,38895.0
2024,F,35-44,475.0,6479.0,2564.0,33337.0,2089.0,26858.0
2024,M,35-44,358.0,5104.0,3042.0,64093.0,2684.0,58989.0
2024,F,45-54,1216.0,16863.0,5797.0,59127.0,4581.0,42264.0
2024,M,45-54,1001.0,15588.0,6455.0,98643.0,5454.0,83055.0
2024,F,55-64,2940.0,46644.0,14269.0,140834.0,11329.0,94190.0
2024,M,55-64,3021.0,51948.0,16414.0,217362.0,13393.0,165414.0
2024,F,65-74,4377.0,81793.0,25914.0,267060.0,21537.0,185267.0
2024,M,65-74,5449.0,99547.0,29470.0,361356.0,24021.0,261809.0
2024,F,75-84,3332.0,85300.0,31510.0,398335.0,28178.0,313035.0
2024,M,75-84,4711.0,98362.0,32908.0,424609.0,28197.0,326247.0
2024,F,85+,1331.0,54006.0,27231.0,535968.0,25900.0,481962.0
2024,M,85+,1798.0,51989.0,21903.0,354272.0,20105.0,302283.0
